bin,M_500c,M_hot_gas_500c_norm,M_hot_gas_500c_norm-,M_hot_gas_500c_norm+,M_hot_gas_500c_slope,M_hot_gas_500c_slope-,M_hot_gas_500c_slope+,M_hot_gas_500c_scatter,M_hot_gas_500c_scatter-,M_hot_gas_500c_scatter+,T_sl_wo_recent_AGN_500c_norm,T_sl_wo_recent_AGN_500c_norm-,T_sl_wo_recent_AGN_500c_norm+,T_sl_wo_recent_AGN_500c_slope,T_sl_wo_recent_AGN_500c_slope-,T_sl_wo_recent_AGN_500c_slope+,T_sl_wo_recent_AGN_500c_scatter,T_sl_wo_recent_AGN_500c_scatter-,T_sl_wo_recent_AGN_500c_scatter+,L_X_ROSAT_obs_wo_recent_AGN_500c_norm,L_X_ROSAT_obs_wo_recent_AGN_500c_norm-,L_X_ROSAT_obs_wo_recent_AGN_500c_norm+,L_X_ROSAT_obs_wo_recent_AGN_500c_slope,L_X_ROSAT_obs_wo_recent_AGN_500c_slope-,L_X_ROSAT_obs_wo_recent_AGN_500c_slope+,L_X_ROSAT_obs_wo_recent_AGN_500c_scatter,L_X_ROSAT_obs_wo_recent_AGN_500c_scatter-,L_X_ROSAT_obs_wo_recent_AGN_500c_scatter+,Y_X_500c_norm,Y_X_500c_norm-,Y_X_500c_norm+,Y_X_500c_slope,Y_X_500c_slope-,Y_X_500c_slope+,Y_X_500c_scatter,Y_X_500c_scatter-,Y_X_500c_scatter+,Y_SZ_500c_norm,Y_SZ_500c_norm-,Y_SZ_500c_norm+,Y_SZ_500c_slope,Y_SZ_500c_slope-,Y_SZ_500c_slope+,Y_SZ_500c_scatter,Y_SZ_500c_scatter-,Y_SZ_500c_scatter+,T_mw_hot_gas_wo_recent_AGN_500c_norm,T_mw_hot_gas_wo_recent_AGN_500c_norm-,T_mw_hot_gas_wo_recent_AGN_500c_norm+,T_mw_hot_gas_wo_recent_AGN_500c_slope,T_mw_hot_gas_wo_recent_AGN_500c_slope-,T_mw_hot_gas_wo_recent_AGN_500c_slope+,T_mw_hot_gas_wo_recent_AGN_500c_scatter,T_mw_hot_gas_wo_recent_AGN_500c_scatter-,T_mw_hot_gas_wo_recent_AGN_500c_scatter+,L_X_ROSAT_obs_wo_recent_AGN_ce_500c_norm,L_X_ROSAT_obs_wo_recent_AGN_ce_500c_norm-,L_X_ROSAT_obs_wo_recent_AGN_ce_500c_norm+,L_X_ROSAT_obs_wo_recent_AGN_ce_500c_slope,L_X_ROSAT_obs_wo_recent_AGN_ce_500c_slope-,L_X_ROSAT_obs_wo_recent_AGN_ce_500c_slope+,L_X_ROSAT_obs_wo_recent_AGN_ce_500c_scatter,L_X_ROSAT_obs_wo_recent_AGN_ce_500c_scatter-,L_X_ROSAT_obs_wo_recent_AGN_ce_500c_scatter+,T_sl_500c_norm,T_sl_500c_norm-,T_sl_500c_norm+,T_sl_500c_slope,T_sl_500c_slope-,T_sl_500c_slope+,T_sl_500c_scatter,T_sl_500c_scatter-,T_sl_500c_scatter+,T_mw_hot_gas_500c_norm,T_mw_hot_gas_500c_norm-,T_mw_hot_gas_500c_norm+,T_mw_hot_gas_500c_slope,T_mw_hot_gas_500c_slope-,T_mw_hot_gas_500c_slope+,T_mw_hot_gas_500c_scatter,T_mw_hot_gas_500c_scatter-,T_mw_hot_gas_500c_scatter+,L_X_ROSAT_obs_500c_norm,L_X_ROSAT_obs_500c_norm-,L_X_ROSAT_obs_500c_norm+,L_X_ROSAT_obs_500c_slope,L_X_ROSAT_obs_500c_slope-,L_X_ROSAT_obs_500c_slope+,L_X_ROSAT_obs_500c_scatter,L_X_ROSAT_obs_500c_scatter-,L_X_ROSAT_obs_500c_scatter+,L_X_ROSAT_obs_ce_500c_norm,L_X_ROSAT_obs_ce_500c_norm-,L_X_ROSAT_obs_ce_500c_norm+,L_X_ROSAT_obs_ce_500c_slope,L_X_ROSAT_obs_ce_500c_slope-,L_X_ROSAT_obs_ce_500c_slope+,L_X_ROSAT_obs_ce_500c_scatter,L_X_ROSAT_obs_ce_500c_scatter-,L_X_ROSAT_obs_ce_500c_scatter+
0,13.0,11.654560373258565,11.654279348535288,11.654869462027266,1.4272069815299977,1.4259847671278285,1.4284323542567539,0.1565733343944046,0.15610830632747763,0.15703276698720917,6.87233719647433,6.871944514482187,6.872725630619107,0.574142228463048,0.5726943871167103,0.5754829486330846,0.13386001512534254,0.13243672528428777,0.13527622218052557,42.22668682309694,42.22528565938729,42.227961843279516,2.290894758535954,2.286063583558606,2.2960518894542306,0.6670708483548884,0.6637056618271246,0.6704525363714395,18.526897140446295,18.526364902019846,18.527429455959204,2.001226361549217,1.9991307016978055,2.0033398427313416,0.23256587669343756,0.23151613030976104,0.23359307909573637,18.661680812296325,18.661265851744368,18.662114514441242,2.0692003920161284,2.0676961293682123,2.0707343504857105,0.19323373422357482,0.19264947511149094,0.1938360175353017,7.0071325812361085,7.006904838438448,7.007358798935141,0.641964566602319,0.6411858549820354,0.6427055917089199,0.09726366172916401,0.09690390183693562,0.0976165230421464,42.07703689490346,42.076010908323795,42.078004927360816,2.4731645473374915,2.469948374889933,2.47674901850823,0.4666769919948234,0.46391636486211335,0.46974830688458885,6.933713715364927,6.932768388547629,6.934711156597002,0.6274192180136065,0.6241632899634824,0.6306525230491291,0.37718347354899295,0.3744322657641302,0.38003511212204566,7.01006759274672,7.009828189290259,7.010259372549157,0.6314364167569622,0.6306805831356791,0.6321458298539261,0.09851563141268893,0.09815124079144062,0.09890992704137264,42.69147745312546,42.68810563819105,42.6949930561739,1.9682316011703485,1.9565574370378733,1.9809803113411881,1.5750891799756785,1.5698924898638646,1.5799230606233694,42.23080768720969,42.228284819823436,42.233378417453316,2.5812784116507617,2.5724506790538606,2.589931665663021,1.0159663942249662,1.0098466392097303,1.0220340491682387
1,13.051158842105263,11.727401985834675,11.727050872163176,11.727727856225094,1.4261024561649225,1.4249276926368588,1.4272016736300979,0.14746304236503904,0.14697976479703945,0.14791781626832495,6.903305083931105,6.90288771974039,6.903757240236135,0.5834198494416631,0.5820243191476662,0.5848252367910584,0.13554489061733285,0.13405531391969894,0.1372310855304187,42.34374538331397,42.34240304985105,42.345029144328954,2.2901488163143995,2.285206538577593,2.2948306222478903,0.6312786693662416,0.6276226917071075,0.6349132115161801,18.63073407621095,18.6301146321034,18.631313341562887,2.0095397585471844,2.0075355305501237,2.011529387400454,0.2262260528417615,0.22502340168867488,0.2273870335560947,18.76693530928412,18.766495176530263,18.767358898015008,2.065535086756932,2.064109125497326,2.067007916258577,0.18372301248636047,0.1831767373677872,0.1843554302549543,7.039538018624407,7.039306309332977,7.039770257720993,0.6394079773520001,0.6386656997660743,0.6401574661336492,0.093801074504265,0.09342829709900767,0.09417909985683143,42.20193540417165,42.20087588387659,42.20291265327856,2.4634379252912355,2.4600781670185916,2.4668369209403487,0.44332719537267706,0.44063528025609294,0.4463650477127954,6.9662925262389255,6.965155350738056,6.96741862197665,0.6299710114209988,0.6265108509424179,0.6336990248397578,0.3764396427017904,0.3732863119245854,0.3794216236154025,7.042037905969718,7.041799813827021,7.042278647076003,0.6296114063069826,0.6288392450494221,0.6303905948215154,0.09479729542504856,0.09440390813200687,0.09518575327895147,42.7904861698623,42.78699265614802,42.79430332334586,1.9583034072025993,1.9461799656212377,1.9697522218748953,1.5133397510307653,1.5084796974681363,1.518556966497201,42.35820200333133,42.355606391739336,42.36085246902346,2.554046279303482,2.545579351680596,2.562514858974962,0.9980498860520848,0.9915316151182276,1.004470808686093
2,13.102317684210526,11.799969909524998,11.799600763716146,11.800284144906197,1.423869111196521,1.4226824269899823,1.4249592354688683,0.1386215537694357,0.13817706040001704,0.13906049957228916,6.934787638204115,6.934267041463636,6.935256955312118,0.592437086755649,0.5908062142422914,0.5940807619124928,0.13783264239514798,0.13577378207442936,0.13981980687417783,42.460352455983994,42.45884597381679,42.461820243469354,2.2872138880190738,2.282006734819237,2.29181158915411,0.5950620909724599,0.5914847034907955,0.598848351993715,18.734731322852113,18.733984122165005,18.735395332023348,2.016232543124984,2.014061597694142,2.018243321776719,0.22081404669093346,0.21946488717804286,0.2222831807878886,18.871662543531073,18.87116855289101,18.87209392805908,2.0600887341385024,2.058767495689806,2.0616258226575175,0.17453420170430184,0.17392050490743224,0.175151810567243,7.071695282152036,7.071439969879532,7.071960087272337,0.6363319651842263,0.6354975115514522,0.6371432096248233,0.09037085661721161,0.08995993388850755,0.09076706758903172,42.325596594208704,42.324555584856924,42.32667696973451,2.450509789160595,2.447061127671833,2.45404202898167,0.41955981505489104,0.41636774314229164,0.42250747081962825,6.998843425363738,6.9976123654001805,7.0000146444977265,0.6315743441800611,0.6279767493689996,0.6351370437603953,0.37444681508466027,0.3713517366644559,0.37758817665273825,7.073836651263756,7.073586410910158,7.074089949102363,0.6272606728466852,0.6264914380284291,0.6280379178755326,0.09113707700465608,0.09073629861713746,0.09150136816333843,42.88847962563201,42.88421968649253,42.89248436530844,1.9456086613444934,1.9333557075539929,1.9575978700517194,1.4491130207180447,1.4434573381432896,1.4547031787901927,42.483288388892255,42.48054194593881,42.48616785703933,2.522010894008205,2.5135906768416088,2.5303488326144286,0.977802317190644,0.9707724816259253,0.9852462205288262
3,13.153476526315789,11.872093773445176,11.871762817614224,11.872451508441163,1.4200044829027743,1.4188971677133124,1.4212150982993155,0.1303873571469382,0.12990557403495012,0.13085369146132056,6.966529117297577,6.965988982038428,6.96714122735412,0.6004822459383734,0.598758703538446,0.6022910423887647,0.14075725015146304,0.13843248542088013,0.14298063432949176,42.576322867374344,42.57470141818911,42.57782566582689,2.281143128750249,2.276788916593171,2.2860125774331785,0.5596005544011082,0.5558345514265072,0.5637484388030771,18.83865372565637,18.83789463325984,18.839468474546837,2.020411414922286,2.0182169299411132,2.0228693987037554,0.21638435178321289,0.2148093978783263,0.21815789959306578,18.97567837701385,18.9752039939433,18.976153571196743,2.0526495520553123,2.0513156994734687,2.054230248278459,0.1658161504311559,0.16516526872689624,0.1664553327329193,7.10357921854421,7.103326804573276,7.103840759449965,0.6327291542542003,0.6318882704130115,0.6334909869724246,0.08702069991516137,0.08660019080924979,0.08742789766220695,42.447971235471464,42.44686518357948,42.44902069604314,2.4338023202729415,2.430741190840089,2.437127993175146,0.39633656381598115,0.39310608900239274,0.399669808567646,7.031088150848763,7.029832518111375,7.0323298086485355,0.631436426106049,0.6277298750537165,0.6351464783427135,0.3708998474004441,0.3674904003752241,0.3741703713851576,7.105441533185418,7.105155879842756,7.105715756404279,0.6245518643431935,0.6236581262847177,0.6253600806416659,0.08758210242891198,0.08715935622323781,0.08798489429975201,42.985771372336686,42.981913377914836,42.990021234362594,1.933514814519802,1.921514166317679,1.9463639989509722,1.3846878916722312,1.3787711039329063,1.3904057544149793,42.60559272942018,42.60258755283209,42.60867989844316,2.4854847586676234,2.476773803615184,2.494734236358828,0.954820516994145,0.9474315268955371,0.9620214266647459
4,13.204635368421053,11.943667567642528,11.943281358376929,11.944055142138447,1.414218673288565,1.4130083503515933,1.4155521565318985,0.12295954438845243,0.12242177282822445,0.12345709798775224,6.998703452045521,6.997976453737938,6.999372329377933,0.6077493457989389,0.605668487254652,0.6099167034778544,0.14397338664534914,0.141101664185361,0.1469187345912483,42.691479747331215,42.68974276112734,42.69304788033357,2.2730822909292723,2.2675754387347533,2.2784287429473045,0.5254058984993712,0.5211801004456412,0.5290009408342722,18.942332366615073,18.9414182054183,18.94321717006076,2.02202352899827,2.019306528966489,2.0246969342081265,0.2133782375438424,0.2114046856924282,0.21543495349362185,19.07882955025135,19.078318699868422,19.079372584323092,2.0429840537857062,2.0414338996735273,2.0445468943918024,0.15768111154720746,0.1569692227080426,0.15835997790292625,7.135207352739375,7.1349221341329105,7.13548264849489,0.6287515448326966,0.6278298844096317,0.6296292153432114,0.08377554108859608,0.08334119729746746,0.0842293510203577,42.568508293162786,42.56735677465836,42.56963890949892,2.4129981612342504,2.409497387101083,2.4163282884909822,0.3732674151259392,0.3700758342348613,0.3764935797787457,7.063034773115891,7.061715547057962,7.064416520170073,0.6296446702072698,0.6256571611556535,0.6333823348413179,0.36639330688076543,0.36285328784559445,0.3698941007398578,7.1367668098406725,7.1364737945333525,7.137067147887487,0.6212671114057049,0.6203657012346375,0.622209909140801,0.08413537272169826,0.08371667926348653,0.08460847627185311,43.08223024997006,43.078275968062464,43.086495508570486,1.9199726595785513,1.9073444427488315,1.933268367503409,1.320415543530665,1.314152254484214,1.326990716413156,42.72484752066114,42.721379889520676,42.72821650838597,2.444580052828032,2.433892717102993,2.4537337245292155,0.9291944013778033,0.921229328248174,0.9365959831736453
5,13.255794210526316,12.014488878981087,12.01409831234951,12.014944320004577,1.406509803410351,1.4052216045325254,1.407840955239858,0.11645911457242056,0.11591255043544109,0.11695969843815163,7.031036350241201,7.030168141329729,7.031774750814732,0.6140068563821586,0.6116324146693094,0.616246357578997,0.1475781077764986,0.1442129095054242,0.15083867594380462,42.80552223494011,42.80382465106956,42.807172785258366,2.261195899451279,2.256043175927939,2.2663630534512444,0.49281339970945137,0.48847852622116505,0.497350966693134,19.045396480395915,19.044470044866713,19.0463910611988,2.0202252038198396,2.0174073708833316,2.0231937448605497,0.21154746488643145,0.20899162078690697,0.2138346166729777,19.18104797217535,19.180461678103086,19.181581948942398,2.030965701974071,2.0294146480737045,2.032735536537193,0.15026262375283883,0.14956994391507272,0.15098851294587295,7.16651911930137,7.1661846720394475,7.166851261629267,0.624420134903305,0.6234615574348034,0.6253904090821518,0.08070126606089668,0.08026511268105285,0.08119082998599285,42.68714288697312,42.68589167968329,42.68830202743878,2.3882878569824797,2.3844039304302673,2.3914214189130467,0.35150617964464365,0.34801540538244613,0.3551254263702962,7.094733975473186,7.093306245378858,7.096278011321873,0.6267348881738215,0.6228563909382074,0.6309017197881571,0.36062498017102207,0.3565282763046501,0.36440000225116714,7.167859179941948,7.167546003938724,7.168187159037031,0.6177376294911276,0.616762654067657,0.6187289343388542,0.08097053941421048,0.08048268450238458,0.08141787373975193,43.177643840937364,43.17338368462631,43.18258770034891,1.9066756688977733,1.8921522644416218,1.9201698551212494,1.2573142714171714,1.251098802820237,1.2641220353644198,42.84143862399516,42.837826712199295,42.845016540674095,2.4003696279674545,2.3898451909059584,2.4109386285532493,0.9018580465263882,0.8932264123414259,0.9106713284618193
6,13.30695305263158,12.084497295808209,12.084004828104522,12.084996155706376,1.3966726119057724,1.395299250280478,1.398201350353495,0.11100037551711088,0.11045758783676868,0.11155535369130748,7.063371322091756,7.062384447097225,7.064247496245239,0.6187183652068775,0.6161543580096315,0.6211962954342196,0.15132831859490636,0.14750679780054238,0.15535041519108947,42.91775644131815,42.91601011830343,42.91965362528407,2.2449912461490937,2.239259291399235,2.250468101131616,0.46264218447982974,0.4579493040573472,0.4669672165822882,19.14788547211184,19.146749386866418,19.149085974797632,2.015601050410454,2.012373381602545,2.018833528461282,0.21053430200664214,0.20782410172665836,0.21329751137681674,19.282122757122103,19.28149128098172,19.28270242112288,2.016782283599065,2.0148303989896026,2.0185281702164732,0.14361476834946746,0.1428403935250511,0.14434123335441268,7.197554341242123,7.197184615682585,7.197921495604429,0.6199203457840565,0.6188042910998255,0.6209538544000105,0.07790536918842732,0.07741238455429546,0.07839921403062543,42.8033929489565,42.80207667766796,42.80471655784271,2.3585517065693122,2.3544675832817,2.3625871077331952,0.33136466385447105,0.328275147800584,0.33486624518006847,7.126141791127424,7.124403681295071,7.127868389596774,0.6228982888474908,0.617997769268907,0.6274724110494344,0.35334408810738394,0.34944844404015574,0.357396068490812,7.198719522460643,7.198348331529172,7.199046884637098,0.6139726557926468,0.6129259470958787,0.6150301603124483,0.07802569338849379,0.0775415707407485,0.07852590682317208,43.27260964245919,43.26745041489418,43.27745888488,1.891490376973724,1.876947433236094,1.9064076859945116,1.196609817095744,1.1894852238907367,1.2035097456668782,42.954916430610595,42.95092817197448,42.9587037912355,2.3534978550490386,2.342651016717985,2.364768824541642,0.8729426035132299,0.8639723432703872,0.8813791885028303
7,13.358111894736842,12.153583445070282,12.153005474414236,12.154126025944969,1.3849332803414014,1.3833644584819476,1.3866928573006212,0.10650616458484846,0.10585090891871413,0.10715232335125935,7.095778414991722,7.094804211207048,7.096840597727326,0.622475949364975,0.6197059596922387,0.6253297934359033,0.15526685911302912,0.1510904483054862,0.15951942617165712,43.02885606596099,43.026682237159676,43.03093969076333,2.2255088901602638,2.2192252001678083,2.231579553600762,0.4353699305700639,0.4304188236500763,0.44041863392785424,19.249378977567847,19.248066152935824,19.25069495172404,2.0075474704307545,2.0038808092346305,2.011320954529019,0.21072880518060672,0.20744426220807793,0.21406850892249296,19.3819657819626,19.381231269231648,19.382656459402547,2.0004104821959476,1.9984659118389052,2.002409456130084,0.13762436422705496,0.1367989552292982,0.13840058533415148,7.228428841201971,7.228006153439199,7.228816397955661,0.6155693175129676,0.6144104648975126,0.6168860474358253,0.07538215066534146,0.07485297216722855,0.07590699213690859,42.91716706761936,42.91572812354708,42.9186906184444,2.3252070027320646,2.3208106040067085,2.329465404660852,0.3129415938547343,0.30966305483133627,0.31644524034862204,7.1570071873065615,7.155066434361836,7.158858167756489,0.618435851828562,0.6131487136568702,0.6234318236059032,0.345159193997821,0.34076763409643573,0.34932512418941347,7.229367643901822,7.228979256752254,7.229766636977907,0.6102156428751575,0.6090996940854225,0.6115096258459016,0.07543047545375717,0.07492395767224876,0.07594954321060121,43.36630415497904,43.36061828023879,43.37205249258794,1.8762858749243092,1.8602898085415227,1.8920401623680072,1.1387548333075532,1.1310681474606525,1.146727279040212,43.06488004183787,43.06081885015296,43.06937038499266,2.3034963149138727,2.2918266032489183,2.3167762333561854,0.8430406734115312,0.8331652726762317,0.8527298397263282
8,13.409270736842105,12.221590191987357,12.22093788003857,12.222271834690368,1.371381636491606,1.3695185040187854,1.3734153562500497,0.10295704730977297,0.10220221214293584,0.10365103065374873,7.128259092100526,7.126960032130526,7.129411333304176,0.6254117258025057,0.6220014685630092,0.6285901298615055,0.15944007081295583,0.1545700291078476,0.16432837141505383,43.13792086250767,43.13557365269081,43.140419640894535,2.2029923806305893,2.195849850197716,2.209715765130935,0.4116594913383277,0.40624815401553216,0.41693947508487267,19.349882638724573,19.348297074035276,19.3513414061297,1.9970103158917525,1.9926792247061877,2.0013839631777426,0.211073687033817,0.20744915228295296,0.21506479925043975,19.48060426362943,19.47977635362305,19.481324001710906,1.9827499633055357,1.9805437289699892,1.9849739706681118,0.13208164520983928,0.1312470525837793,0.13293830688348857,7.259014611030696,7.258556551598695,7.259452678833915,0.6113476792221395,0.6100657019125262,0.6127077513851317,0.0731234049489766,0.07258885973878931,0.0736731163937676,43.028301734188204,43.02671116254979,43.03002699078707,2.28763612443282,2.282555072982142,2.292806438122551,0.29704499447120536,0.29380087847947184,0.30035776678512394,7.1875236174471935,7.185583937838706,7.189628162551904,0.6134429555508315,0.6076331663078233,0.6186571226095382,0.33658835828365463,0.3318192055652506,0.34069894209407037,7.25986802950781,7.259393802333616,7.260279553308704,0.6067438038603855,0.6054013952022048,0.6080218353503767,0.07314083457160517,0.07260335204814469,0.07370482369352616,43.4587183752606,43.452550810213204,43.4644194051183,1.8607898415470343,1.8430607606429852,1.877544523002268,1.0838490461707169,1.0754073774886594,1.0921701919923716,43.172385145646075,43.16781536782954,43.17731240794762,2.2547409659094346,2.241649340541532,2.2674623536586394,0.8134350779096876,0.8034362893611626,0.8228156700996888
9,13.460429578947368,12.288489679468572,12.28780732310929,12.289281822746482,1.356526845356246,1.3543273300524414,1.3586044268381892,0.10011396063738437,0.09926139161049376,0.10098516619531081,7.160711875463778,7.159202249977365,7.162069243825548,0.62749771645582,0.6235902553551176,0.6311606547152655,0.16350630527746018,0.15790264606202095,0.169165849365799,43.24492108850772,43.24238238066655,43.24730190190975,2.1764010548791175,2.169159399869751,2.184187787474709,0.39019982951547294,0.384331882795239,0.3960793275452543,19.449260117234918,19.447631462717638,19.450988941928482,1.9840569014051004,1.9793384949507449,1.9885201994736545,0.21212298282932796,0.20781778357951072,0.21674219485456503,19.577993501560805,19.577213828369544,19.578910925526998,1.9640841513422278,1.9616448768443098,1.9666729134722944,0.12711596461049285,0.12616283653600613,0.1280868382370973,7.289474173412229,7.288941973288985,7.290017044557428,0.6075602608650623,0.6061805091840655,0.6091200960534716,0.07130843283442281,0.07067756116613065,0.07189242699121143,43.13695701101563,43.135190803214435,43.13896622884277,2.248556026345346,2.2429928024678065,2.254692487699377,0.2829703445162022,0.2796868212040975,0.2867521190226844,7.217874755217502,7.215477122669347,7.219951921037172,0.6082352156765526,0.6020077589111286,0.6142242284035809,0.3274575408413583,0.3226236041694448,0.3326492699919781,7.290180423623554,7.289636824059837,7.29072517826587,0.6033720613889058,0.6019144499184294,0.6051050581362675,0.07127601796798255,0.0706790123732489,0.07189730604364454,43.55011661927552,43.54348141987363,43.5568669834918,1.8431367280582638,1.8233982732026417,1.8622357305721016,1.0337663017153986,1.0244592631371585,1.0427847822994558,43.276834589290075,43.271725429953804,43.281699663249015,2.2027528491946216,2.187592239546776,2.216535746518012,0.7846436266734436,0.7743113553883059,0.7950743573841584
10,13.511588421052632,12.354487251786285,12.353631993812954,12.35530475578182,1.3406434903133908,1.3382202853111798,1.3431366916174141,0.09800490799627301,0.09702947207947314,0.0989732116268143,7.193029669697145,7.191260912202862,7.194688450717389,0.6284856510137972,0.6237215683026781,0.6332832147102548,0.16712384453109408,0.16125484952315056,0.1737172540862735,43.349700468652884,43.34667442867175,43.35262701783713,2.147194577472086,2.1388218559002783,2.1548764708674923,0.3719315624548885,0.3649280721180455,0.37869339274466823,19.54739893088933,19.545521992466757,19.54945739347102,1.969088280373712,1.9636882295497482,1.974870012448948,0.21346855871477194,0.20852166651932177,0.21891481144395078,19.67419418816703,19.673264015084442,19.675192143418535,1.9450130365914848,1.9423590798940267,1.9476118294538272,0.12256171614464784,0.1216015547336887,0.12356169397836786,7.319897267962187,7.3192782702163806,7.320511758616426,0.6045578938155582,0.6027930034597739,0.60619542584419,0.0697867707960198,0.06915241391693863,0.07044786232234013,43.242676133505256,43.2405419037367,43.244966178506736,2.2065902862560365,2.2002045085025257,2.2130535125641666,0.27197954468123836,0.268268906892073,0.27579010303974005,7.247820011304622,7.245290491967769,7.250299881904902,0.6030479063441037,0.5961783567808503,0.6100381815810506,0.3183340875981374,0.31291377921546376,0.3236036781691985,7.3204148051873315,7.319808035869819,7.321050982726229,0.6007219231328409,0.5990414856363023,0.6023605640943234,0.06979598454348346,0.06914422158117703,0.07043138103582666,43.63960749042463,43.63219459596432,43.646721191626526,1.8229024743052893,1.8010521937193955,1.8437740316542108,0.9870428133631743,0.9760558806498205,0.9968076774132459,43.378006185551854,43.37183311335187,43.38406832284323,2.150093423695151,2.1338431373137734,2.167272606300671,0.756866903830723,0.7454367245048698,0.7688030298472004
11,13.562747263157895,12.419261278084983,12.41819483680634,12.420247480302148,1.324038172356312,1.3213554643497072,1.3271462110396195,0.09639305821021396,0.09526815603607958,0.09746141770491598,7.225310932417209,7.22319909628268,7.22725494670296,0.6290489605500096,0.6232031535374822,0.6339393432941527,0.17078086502857293,0.16297674064850634,0.17783700764187663,43.45244756564534,43.44931995046615,43.45568242838994,2.1155053543802578,2.1068037181569697,2.12376716524593,0.356511007646381,0.34892120101194374,0.36371065128418667,19.644542362638916,19.64226888923973,19.64693495074511,1.9535281207985622,1.9465960469097308,1.959893292997261,0.2151249134353984,0.20924030835984023,0.2208074150778953,19.769415518974192,19.768370971731667,19.770481747841533,1.9261554413924689,1.9230989132806637,1.9291448818601684,0.11828008449952707,0.11718525358863041,0.11932516775865935,7.350149905108577,7.349427476832822,7.35085852312255,0.601768499562102,0.5998515669640706,0.6038846192191716,0.0686855329033416,0.06799087273470475,0.06938543183390032,43.345605946132366,43.342934896957466,43.348325836574226,2.163025819320516,2.1557147120870033,2.170576863604341,0.2625302782865708,0.2584817885749137,0.26663882485514223,7.277580902368404,7.274911708381471,7.280335551255446,0.5985064911020058,0.5907072095353637,0.605789462194975,0.30913567892599353,0.3034899877191773,0.3150942592464336,7.3506959257310935,7.34994778436452,7.351407978631184,0.5986605279259716,0.596587171532808,0.6006912364975375,0.06862642971886976,0.06791187432832985,0.06938965769804842,43.72849328015804,43.72083403546898,43.73691736637137,1.8035756604742876,1.781737638868462,1.8239419928089489,0.9442741800568899,0.9335444805690662,0.9554512635151197,43.47617625627081,43.47026688723096,43.48272504577663,2.0994835762075112,2.0819992367915017,2.1169755175630964,0.7297713567908658,0.7174038692031198,0.7432989898030721
12,13.613906105263158,12.483076403932042,12.48194703591879,12.484307491066474,1.3075693979112888,1.3044358762711794,1.3107812870524624,0.09516682448022895,0.0938492036556208,0.09648597388790502,7.2571136876802935,7.254735864710946,7.259383692338353,0.627448953281514,0.6211220466752684,0.6338253706330049,0.17430714590897234,0.16595297213126428,0.1830612505949535,43.55291765293483,43.5492711748631,43.5565257897114,2.082621295583043,2.0734254463640944,2.0922527513810856,0.34245897431038164,0.3347442621374373,0.35101952533372544,19.74015211458937,19.737255286776318,19.743079503958846,1.9351926204986807,1.927180250949569,1.943094371530565,0.2171475627660147,0.21002799625114063,0.22444061426457923,19.863693223982168,19.86241778222031,19.864873886473426,1.9077991960249108,1.9043867879951148,1.9111564058133608,0.11441893883403308,0.11323833845857113,0.11567071083918307,7.380519769033546,7.379817068756006,7.381425097028575,0.600015333487711,0.5978507925412797,0.6023236950297888,0.06790001897156794,0.0671319617525949,0.06871601633408826,43.44644713772573,43.44332073111236,43.44954886310173,2.1210999860429682,2.1125002855300306,2.1292561219098136,0.2558823402303359,0.2514252609943049,0.2599638292753008,7.3069665940476725,7.303547604674893,7.310135242493694,0.59277197928211,0.5839101647149592,0.6018958069286339,0.30070670370311237,0.2941637380103357,0.3079159455189238,7.380995926441955,7.380113583727224,7.381763403786407,0.5972327102153847,0.5950133270954754,0.5994524812590218,0.06790692881176383,0.06707147944027766,0.0687207445423449,43.8153903422908,43.80629155663897,43.82458310434595,1.780265343577575,1.7544730102690493,1.8059740693203437,0.9057377313864426,0.8935689667927083,0.9183531923196921,43.571425645920634,43.56439416178938,43.57846742062128,2.047339202581923,2.0284079942709776,2.0668824677742905,0.7037086389039424,0.6898438578299881,0.7170985165453614
13,13.665064947368421,12.54611607357233,12.544749161002628,12.547579762357909,1.291744164654201,1.2880008963380951,1.2954858814872352,0.09406847834497434,0.09248196541997238,0.09556367395848508,7.288620429938732,7.285647141920601,7.291641592965541,0.6251256541322525,0.6162789326189707,0.6332023740181781,0.1780978428662646,0.1679568497479213,0.188625368141712,43.65159764967645,43.64727061774966,43.65572046925824,2.0499799657935913,2.0384411297936316,2.0601817590558156,0.33069693266545175,0.3219576940086617,0.34008487863530723,19.834483991218626,19.831039010152928,19.837773678218383,1.915942232909973,1.9067512234032198,1.925269025202572,0.21922880281479973,0.21105349210275137,0.22835175451690798,19.956958406821606,19.955648656340085,19.958375717561125,1.8903001608959156,1.8868743879819632,1.893821209526421,0.1108689471005222,0.10953080734993957,0.11216899728296809,7.411042529707974,7.409958732069164,7.411988233502264,0.5990180845670814,0.5962538490369049,0.6018755337851907,0.06729257589027732,0.06641596846647069,0.06823807105542024,43.5449650784568,43.54119177946992,43.54847578429871,2.0797105730051078,2.0701461802339782,2.089218966259488,0.25036372491419034,0.24538021161503923,0.25574175774168384,7.335943888812439,7.332114633045911,7.339979009372198,0.5873848044509926,0.5761236329978799,0.5987936714534505,0.2924283392941749,0.28517663837928325,0.30124893091471555,7.411312370583428,7.410332725640156,7.412283790118956,0.5963995131294016,0.5935717399585245,0.5988867041947586,0.06737372324536628,0.06652862528542187,0.06834612002237886,43.90221235753289,43.89146233754494,43.91296545249793,1.7613780302086126,1.7346760365856437,1.7899538180333083,0.8702760020647111,0.8579542768545488,0.8841909542377532,43.665110122546125,43.65747033849766,43.67298929267649,2.0010519757867216,1.981839180000763,2.0215944010968903,0.6790722949141574,0.6654103820749108,0.6935124767531841
14,13.716223789473684,12.608368594160616,12.606763817251117,12.60987939644119,1.276295327046475,1.2720054746845995,1.2804247743874333,0.09304438581402902,0.09134482149595637,0.09518564750445549,7.319548780705975,7.315614455508042,7.323016819102885,0.6206428946799687,0.6092319643376465,0.62970442538679,0.18259012043395834,0.17052416895569733,0.19586627895406214,43.74815233609739,43.74357348078147,43.75261187027025,2.017471576995536,2.004290593376192,2.0289290442054093,0.3193995971293369,0.3102141654049373,0.32970858963057487,19.927863164254546,19.923445356077195,19.93185176792016,1.8970573904993526,1.885303832290185,1.907484884979061,0.22133192482252723,0.2114549198008873,0.23255086033960087,20.049769310118705,20.0481360545285,20.051403033360298,1.8743837050940166,1.8701155607554762,1.878551293125942,0.10769078321440181,0.10619104528940979,0.10913704381306222,7.441533434611152,7.440367176933454,7.4426223388775625,0.5984962707130981,0.5953635649671651,0.6014195922536161,0.0671258864131607,0.06608603936263055,0.06819395377546737,43.64178626318268,43.63718600371321,43.645938970201655,2.0417211361983503,2.0292597937960886,2.0526299796548315,0.2472149838656209,0.24197762924855012,0.25232674874517586,7.364733115995215,7.359940549081052,7.3692235531921035,0.5819419234274559,0.5687011884880786,0.5944288608252285,0.2860752169773197,0.2768410158101549,0.29627910041986727,7.441731619233918,7.440561285809761,7.4428527557764514,0.5958680374548162,0.5929283991800354,0.5989309667458668,0.06709308127236907,0.06607775353556286,0.06813003197744665,43.98616071947094,43.974189371679564,43.99870867665383,1.738149618500322,1.7080126019333894,1.7704345528816645,0.8379598312422897,0.8220034911608712,0.8515400557401386,43.75668993923544,43.7471296408741,43.76654720480366,1.9599471454355053,1.9358257131057321,1.9830683591143845,0.6552930394966203,0.6382144048053687,0.6718335679866013
15,13.767382631578947,12.67004513042121,12.66814019349469,12.671886564251553,1.2623466236138383,1.2574415114468611,1.2673503042451635,0.09230616227400208,0.09018544815180224,0.09463128107860076,7.35002660762115,7.345315082025602,7.354485150505994,0.615971929494049,0.602710695770932,0.6284620131147363,0.18695791758434577,0.17131776547941976,0.20270107669396256,43.84354974142303,43.838482824225395,43.848758015638296,1.9867048887916405,1.9744015845400573,2.001119841186563,0.3091427247928956,0.2994375349626178,0.3196997118090486,20.020046366988037,20.014776055322887,20.024692325443386,1.8777415712780683,1.8639321940948166,1.8907221668760483,0.22478300725303826,0.2119920805441551,0.23866755559909025,20.141852210766828,20.14000393961057,20.143790660031048,1.8599870128888225,1.8553440486191142,1.8649304280120225,0.10457256997265885,0.10288728065659088,0.10629356616212018,7.472049342854802,7.470713738917712,7.473338748075816,0.5981488072956709,0.5947474866802402,0.6014716156496595,0.06698111160840292,0.06572133549756921,0.0680881598963935,43.737524323927275,43.73283116560455,43.742625351920665,2.0087315653908444,1.9956663954235165,2.0212155317041396,0.2448351953448552,0.23887169947788167,0.2508788111574025,7.392608367068964,7.386813358203677,7.398162807995215,0.5748545698108479,0.5594898075700249,0.5889077223597375,0.28117921300322557,0.26848494009408747,0.2944346096535527,7.472235096066326,7.470859342336664,7.473610432071833,0.5960615743212155,0.5924673809425408,0.5996250886553973,0.06703965400532419,0.06573179254533379,0.0681974200712723,44.072130262246574,44.05836117651412,44.08528798707846,1.7243148012477505,1.691151638646283,1.7588371377229817,0.8079186266127535,0.7928263121286359,0.8243395235832947,43.84844226917461,43.83794615284188,43.85943278488449,1.9268678241065755,1.899152116738185,1.9535535246246867,0.630953814510878,0.6144586527857476,0.6498387130357014
16,13.81854147368421,12.73121850564138,12.729086090251569,12.733457777178984,1.2499830227541766,1.2446243795834475,1.2551331689828622,0.09153327583344648,0.08906176064333884,0.09438705606099354,7.3798532331483475,7.3737525431021105,7.385030213302689,0.6094372788509372,0.5937746966942561,0.6234245223163194,0.19189484518080302,0.17331410578903808,0.21398914772654073,43.938015944894104,43.932329640499674,43.94406099747394,1.9608697132993833,1.9470531531532405,1.976128884428585,0.29922988818440766,0.28901790911802283,0.3091171853276703,20.111303741199556,20.10457942546707,20.117211835318365,1.860007285029164,1.8411150783353856,1.8754744772576286,0.22828504291053903,0.212013338800552,0.24774862448762786,20.233744642388764,20.231724396565742,20.235951646811685,1.8475908634338716,1.8422480178408895,1.8530393995479744,0.10191060064986121,0.10000152692864059,0.1037637288266093,7.502545105290322,7.500728596594105,7.504080801728564,0.5978741842368567,0.5933912706746609,0.6016949656398018,0.06677089398994417,0.06541176309653236,0.06825085090513995,43.833580206941534,43.82761129865108,43.8393945731055,1.9832744396036763,1.967185383468875,1.9986357830797232,0.243051708592878,0.2364070665084858,0.25065441977810415,7.420703950319801,7.413165625121079,7.42723091025062,0.5695671062643188,0.5507163476268706,0.586966859183973,0.2752969194398335,0.2611440449750851,0.29271783114106265,7.502726593760297,7.5010273024636005,7.504336092748263,0.5958953040549961,0.5919882447527708,0.5997292432562995,0.06675945532387424,0.06532961264899038,0.06832622435370486,44.15742774243648,44.143961837558265,44.17270144027668,1.712445649875989,1.6776586188278695,1.7536154085173314,0.7809518002685281,0.7644221881630726,0.7992891955124661,43.94037630772403,43.92943431774474,43.95174808890267,1.903089308636852,1.8752982615480556,1.9296300257223726,0.6078930890889751,0.590203616241456,0.6265554476670276
17,13.869700315789474,12.792305060442299,12.789558096390712,12.794873075015783,1.239353268616404,1.2326558761610853,1.2452875335825175,0.09061206198043364,0.08754520463199747,0.09384112516428518,7.4099012715587005,7.401951585721596,7.416240343860238,0.6050851872672449,0.5851697227894699,0.6215770869533989,0.19888339140423456,0.1732243958124689,0.22609877023949249,44.03373895194964,44.02731685350295,44.04034333353723,1.943452850699086,1.9264367913913076,1.9608330418489321,0.28933817746627144,0.279353816143134,0.30035805109007474,20.2018259656322,20.192802872278953,20.209760789020386,1.8433525814548406,1.821197194596797,1.8632437105298598,0.23342137742523722,0.211446161016073,0.25725043849532664,20.325298498451964,20.322832730901354,20.327846197352667,1.8367396650548802,1.8309032983734508,1.8430478538267678,0.09914509449129376,0.09702283093783909,0.10117982818849705,7.533197602168453,7.531387814702364,7.534976486673317,0.5980044852420172,0.5934460577133522,0.6022056764911712,0.06648199085549952,0.06486951577133349,0.06831714606574513,43.929797294570335,43.922214889127275,43.93737168367389,1.9646619785408022,1.9456717033745663,1.9830746702959159,0.24269557269298808,0.23556316214547762,0.250886201405941,7.448431353045473,7.439723617229153,7.456345000579054,0.5650318605711795,0.5443074851253077,0.5849311734513115,0.2730830790208826,0.25215440877049844,0.29345023654414176,7.53315982020401,7.531408687574744,7.535144261316996,0.5958150794670354,0.5915429187232331,0.6004209412568299,0.06664241503311588,0.0649565327158651,0.06835725099348626,44.24455654978978,44.225152148872425,44.262668113688484,1.7112051281443663,1.666759031458665,1.758019451879128,0.7544621461101988,0.7340358583927957,0.7767614668754842,44.03444873641545,44.02151518541633,44.04763146472609,1.8891631892070997,1.8573264820814204,1.9218423680520649,0.5859074188547779,0.5684404353584763,0.6074908266428363
18,13.920859157894737,12.853452359048436,12.850622255326925,12.855964958787073,1.2311260494344027,1.2242967032527758,1.237353917011623,0.08953912617889515,0.08590057597985387,0.09321611057189791,7.439973141401554,7.430252264055304,7.447927797455527,0.6026262698293665,0.5795730335145458,0.6216009532688339,0.20461673948232662,0.17294237257655082,0.2389423977664863,44.130167684165656,44.121885144148486,44.13816642008935,1.9320690813147543,1.9129779318593714,1.9518479542988212,0.2813790285942842,0.2703639346136996,0.29113950944052475,20.293660044965286,20.283241335306066,20.30232653585871,1.834976561327165,1.8085836363431564,1.8545234759401492,0.23537556795925052,0.20669790470812655,0.26801314591241804,20.416921646592705,20.413853000027913,20.419872312191227,1.8281149396762741,1.8217235812833865,1.835491873701846,0.09664598478444841,0.09434330078938638,0.09923955548287577,7.563672102210664,7.5616430498258245,7.565983248988845,0.5978703832477548,0.5930496881737746,0.6025892106885998,0.06640902127497364,0.06445929191365941,0.06826746344318772,44.027693298941415,44.01964549571116,44.036441322529875,1.9568693442798675,1.935190732719835,1.9777426359204928,0.24303624281505512,0.23494667750680592,0.2521826916139335,7.476631493907751,7.466901565939857,7.486268320064091,0.5637656390015877,0.5394615978299113,0.5858205066002105,0.2714125841830567,0.24610410540370592,0.2991469087916916,7.56372959134954,7.561603985019419,7.565873237987061,0.5959728129941514,0.5911907056495382,0.6009896799537702,0.06639480158552377,0.06448936135592326,0.06818916952951563,44.331737018680805,44.309982511561294,44.35330167128176,1.7111488712507201,1.6601058054166336,1.7663538968247383,0.7310070723054007,0.709174529662016,0.7539023737810192,44.130400712208555,44.115797840758816,44.14658453584432,1.8864971345313455,1.8491639385170913,1.9268274770455533,0.565798800102685,0.5450028790876646,0.5850896678932894
19,13.972018,12.914103829572795,12.911005582229476,12.91732111309327,1.2234796139227668,1.2162077616260996,1.2307924544505549,0.08805464237616681,0.08428081872814705,0.09255939134889742,7.470924448883277,7.459798495508396,7.481099903310296,0.6032322130098764,0.5774417366164586,0.6256397688293243,0.21135633239207946,0.17206452087892057,0.251493008345349,44.22747564527539,44.21783747836328,44.23641768169065,1.9274712161518046,1.9041822320637152,1.9492008469326045,0.272521084731819,0.261517987069994,0.284327761286151,20.384658695908534,20.372218648577544,20.39548360138825,1.824274173358225,1.7980137184751463,1.8505541834015307,0.2412413790642195,0.2066837699631825,0.27998008001812896,20.5082489973867,20.505059470535436,20.511871362080868,1.8212919846216298,1.8135176702977256,1.8291731527068327,0.09419451928430309,0.09175584485194858,0.0969811184155461,7.5941593613240705,7.5918298612407575,7.5965206867154835,0.5975426277231097,0.591683254027522,0.6027697147353761,0.06581557954967865,0.06379880067570164,0.06809957307017521,44.1284031623488,44.118462024936214,44.13935828318672,1.9571467517761008,1.9316559681163128,1.9838925806716907,0.24369067664084426,0.23436713694673877,0.2538234163546353,7.506001981295488,7.493358396347682,7.517465391192431,0.5643392998496721,0.5351586314555786,0.5909555131817312,0.2709912562590111,0.23833044884030094,0.3047330090195111,7.594348525592245,7.591911228307806,7.596699048133277,0.5962347412749947,0.5908652866709792,0.6016862831428227,0.06582955788736347,0.06374256276030721,0.06799058834224542,44.42081191722293,44.39554903505989,44.44538285212116,1.7152597933820668,1.661129310525721,1.7794488049347916,0.7084762970502505,0.6826691597581419,0.7349073298908425,44.228787880502395,44.20952389717711,44.25000125673687,1.8934932636109139,1.8455102435052708,1.9458050615545972,0.5447582986604659,0.5230830489839953,0.5662854927559736
