bin,M_500c,M_hot_gas_500c_T_sl_wo_recent_AGN_500c_corr,M_hot_gas_500c_T_sl_wo_recent_AGN_500c_corr-,M_hot_gas_500c_T_sl_wo_recent_AGN_500c_corr+,M_hot_gas_500c_L_X_ROSAT_obs_wo_recent_AGN_500c_corr,M_hot_gas_500c_L_X_ROSAT_obs_wo_recent_AGN_500c_corr-,M_hot_gas_500c_L_X_ROSAT_obs_wo_recent_AGN_500c_corr+,M_hot_gas_500c_Y_X_500c_corr,M_hot_gas_500c_Y_X_500c_corr-,M_hot_gas_500c_Y_X_500c_corr+,M_hot_gas_500c_Y_SZ_500c_corr,M_hot_gas_500c_Y_SZ_500c_corr-,M_hot_gas_500c_Y_SZ_500c_corr+,M_hot_gas_500c_T_mw_hot_gas_wo_recent_AGN_500c_corr,M_hot_gas_500c_T_mw_hot_gas_wo_recent_AGN_500c_corr-,M_hot_gas_500c_T_mw_hot_gas_wo_recent_AGN_500c_corr+,M_hot_gas_500c_L_X_ROSAT_obs_wo_recent_AGN_ce_500c_corr,M_hot_gas_500c_L_X_ROSAT_obs_wo_recent_AGN_ce_500c_corr-,M_hot_gas_500c_L_X_ROSAT_obs_wo_recent_AGN_ce_500c_corr+,T_sl_wo_recent_AGN_500c_L_X_ROSAT_obs_wo_recent_AGN_500c_corr,T_sl_wo_recent_AGN_500c_L_X_ROSAT_obs_wo_recent_AGN_500c_corr-,T_sl_wo_recent_AGN_500c_L_X_ROSAT_obs_wo_recent_AGN_500c_corr+,T_sl_wo_recent_AGN_500c_Y_X_500c_corr,T_sl_wo_recent_AGN_500c_Y_X_500c_corr-,T_sl_wo_recent_AGN_500c_Y_X_500c_corr+,T_sl_wo_recent_AGN_500c_Y_SZ_500c_corr,T_sl_wo_recent_AGN_500c_Y_SZ_500c_corr-,T_sl_wo_recent_AGN_500c_Y_SZ_500c_corr+,T_sl_wo_recent_AGN_500c_T_mw_hot_gas_wo_recent_AGN_500c_corr,T_sl_wo_recent_AGN_500c_T_mw_hot_gas_wo_recent_AGN_500c_corr-,T_sl_wo_recent_AGN_500c_T_mw_hot_gas_wo_recent_AGN_500c_corr+,T_sl_wo_recent_AGN_500c_L_X_ROSAT_obs_wo_recent_AGN_ce_500c_corr,T_sl_wo_recent_AGN_500c_L_X_ROSAT_obs_wo_recent_AGN_ce_500c_corr-,T_sl_wo_recent_AGN_500c_L_X_ROSAT_obs_wo_recent_AGN_ce_500c_corr+,L_X_ROSAT_obs_wo_recent_AGN_500c_Y_X_500c_corr,L_X_ROSAT_obs_wo_recent_AGN_500c_Y_X_500c_corr-,L_X_ROSAT_obs_wo_recent_AGN_500c_Y_X_500c_corr+,L_X_ROSAT_obs_wo_recent_AGN_500c_Y_SZ_500c_corr,L_X_ROSAT_obs_wo_recent_AGN_500c_Y_SZ_500c_corr-,L_X_ROSAT_obs_wo_recent_AGN_500c_Y_SZ_500c_corr+,L_X_ROSAT_obs_wo_recent_AGN_500c_T_mw_hot_gas_wo_recent_AGN_500c_corr,L_X_ROSAT_obs_wo_recent_AGN_500c_T_mw_hot_gas_wo_recent_AGN_500c_corr-,L_X_ROSAT_obs_wo_recent_AGN_500c_T_mw_hot_gas_wo_recent_AGN_500c_corr+,L_X_ROSAT_obs_wo_recent_AGN_500c_L_X_ROSAT_obs_wo_recent_AGN_ce_500c_corr,L_X_ROSAT_obs_wo_recent_AGN_500c_L_X_ROSAT_obs_wo_recent_AGN_ce_500c_corr-,L_X_ROSAT_obs_wo_recent_AGN_500c_L_X_ROSAT_obs_wo_recent_AGN_ce_500c_corr+,Y_X_500c_Y_SZ_500c_corr,Y_X_500c_Y_SZ_500c_corr-,Y_X_500c_Y_SZ_500c_corr+,Y_X_500c_T_mw_hot_gas_wo_recent_AGN_500c_corr,Y_X_500c_T_mw_hot_gas_wo_recent_AGN_500c_corr-,Y_X_500c_T_mw_hot_gas_wo_recent_AGN_500c_corr+,Y_X_500c_L_X_ROSAT_obs_wo_recent_AGN_ce_500c_corr,Y_X_500c_L_X_ROSAT_obs_wo_recent_AGN_ce_500c_corr-,Y_X_500c_L_X_ROSAT_obs_wo_recent_AGN_ce_500c_corr+,Y_SZ_500c_T_mw_hot_gas_wo_recent_AGN_500c_corr,Y_SZ_500c_T_mw_hot_gas_wo_recent_AGN_500c_corr-,Y_SZ_500c_T_mw_hot_gas_wo_recent_AGN_500c_corr+,Y_SZ_500c_L_X_ROSAT_obs_wo_recent_AGN_ce_500c_corr,Y_SZ_500c_L_X_ROSAT_obs_wo_recent_AGN_ce_500c_corr-,Y_SZ_500c_L_X_ROSAT_obs_wo_recent_AGN_ce_500c_corr+,T_mw_hot_gas_wo_recent_AGN_500c_L_X_ROSAT_obs_wo_recent_AGN_ce_500c_corr,T_mw_hot_gas_wo_recent_AGN_500c_L_X_ROSAT_obs_wo_recent_AGN_ce_500c_corr-,T_mw_hot_gas_wo_recent_AGN_500c_L_X_ROSAT_obs_wo_recent_AGN_ce_500c_corr+
0,13.0,0.2780770412998733,0.27360954381396,0.2828927009394499,0.4474852249055232,0.4439638678020936,0.4508009479385164,0.8336600523460096,0.8303214695870463,0.8365036503035342,0.8658125649754567,0.8647473464105307,0.8668447652683875,0.10991721695203,0.1058531895160378,0.11421469557615896,0.5702789060248323,0.5664974741003868,0.5744232617461517,0.2884554865093174,0.28349351304920434,0.29351932948748244,0.7628087032109712,0.7607410011872184,0.7649885932090792,0.46072280953970746,0.4551343300458133,0.46635806112224354,0.46671747847105827,0.4607838028629257,0.47296724882431235,0.4187420770938777,0.4130136210636309,0.42487731213808855,0.46732965119294023,0.4631956926462151,0.4707008384631602,0.44962855340842145,0.4463856221587608,0.45285493495972035,0.1728194643164188,0.16901305308354944,0.17634465081423012,0.6703588957102936,0.6666051376381356,0.6742094526337994,0.8479654271677721,0.8448434012372346,0.8507522094805829,0.3425242070788346,0.3381417391493111,0.34685777682828184,0.6248681721714047,0.6213293162252114,0.62870136963491,0.5924040942831739,0.5896323620457657,0.5953955046542475,0.6055518976242078,0.6014137424765135,0.6095481293577152,0.2851130534495317,0.28080821873309053,0.2891399955168025
1,13.051158842105263,0.27643413318235033,0.27114549100794383,0.2816385796898048,0.4485114024068654,0.444867184569494,0.45216609654033973,0.8174773092484149,0.8136940482616438,0.8209935355499794,0.8618289614463054,0.8608037937220868,0.8629887267400291,0.11640536120584621,0.11208906030137593,0.12063861736816092,0.5724871319667262,0.568388464299773,0.5764244323395702,0.2713221679285911,0.26593872325542606,0.2771707736162037,0.7796129219583509,0.7772258459328419,0.7820329983098396,0.4563693023678748,0.45010751033242635,0.4625080223756548,0.458417775272371,0.4516030287912195,0.465069676279084,0.3858998349064525,0.3791074101441235,0.39271261843692745,0.4544241148023305,0.45043306644926534,0.45898257174334767,0.4463366531532059,0.44279326941320535,0.4501806590360135,0.1695618342026871,0.1654885721552515,0.1736680781005735,0.6699182237639005,0.665854728618878,0.6742235312327817,0.8351798526721091,0.8311004554177702,0.838779129998792,0.35071920946220814,0.3458695078918847,0.35532898865054424,0.604557724810058,0.6003087881427821,0.6091662149953861,0.6040569582312809,0.6010859300508575,0.6072709157191866,0.6009731407378693,0.5963296705822869,0.6054313133532369,0.27680594694589533,0.2724998213033553,0.28150999700380686
2,13.102317684210526,0.27548333233498,0.2699778448656357,0.2809580648800324,0.4484952927892617,0.4443133593103977,0.45236702675082513,0.7998048503156189,0.7951965104112361,0.8045459488836758,0.8579717065620203,0.8567830949925367,0.85916664269693,0.12308886019485316,0.11830178163604693,0.12767569417290286,0.5761168268973695,0.5715151153825128,0.5805999803046102,0.25465194765003996,0.2490491153499227,0.2605157373183962,0.7970495717321886,0.7944838145037796,0.7997574693549409,0.4517124551888789,0.4450372997019225,0.4585446312525553,0.4499942561540653,0.44214584906478094,0.45759671707350685,0.35197158836533493,0.3451316386420127,0.35944977844559994,0.44090719264232875,0.4359392486576496,0.4458455415111068,0.44261789944827523,0.4385712732918331,0.4465256212098149,0.1667777443037408,0.16239495431940007,0.17074008325389153,0.6694895061789521,0.6650015575195947,0.6743383682908372,0.8204680623215298,0.8157111495096975,0.8249748242137277,0.35818420875959744,0.3534348211400625,0.3631463510836695,0.5815693032318632,0.5764046134382527,0.5871399032626503,0.6155333235476996,0.6120882195502245,0.6187586803579594,0.5968367753402624,0.5921749340686443,0.6014891586579382,0.26927382671027644,0.2643354882753637,0.2737439703094615
3,13.153476526315789,0.2737751579729669,0.2678613416863198,0.2799099074735461,0.44878080644313767,0.44441630207327903,0.4533964229347242,0.7807738932179489,0.7754428574798893,0.7862564607425963,0.8539119849063126,0.8524181164501633,0.8553906463649069,0.12831094083283393,0.12328022643034393,0.13382390098571734,0.5809164491004206,0.575531570857343,0.5858739214243154,0.23857023596679372,0.23266960834869876,0.24513980254597248,0.8151296782221773,0.8123915079679226,0.817876724551952,0.4463560498388849,0.43795010627778547,0.45396267710027915,0.44013558250089235,0.4321073560163003,0.4484001157234881,0.3186057083132613,0.3107606896692404,0.32687248302874744,0.4252280859117515,0.41990021289594587,0.43060039602165007,0.439348221410125,0.4346968715193129,0.4434030821507462,0.16521849074600886,0.16009283019334344,0.16982020010661533,0.6683634001780612,0.6633074247236871,0.6736736179115275,0.8046219400295955,0.798901050011147,0.8105063187499439,0.36372382863566316,0.35795920110798835,0.36929701389733427,0.5569147345217704,0.5503872115326433,0.5631808164790416,0.6259237285620346,0.6224409057226081,0.6291608031448489,0.5939933381282465,0.5885200171894653,0.5993406362450235,0.2616280447463668,0.25648896362725815,0.2666348919529593
4,13.204635368421053,0.27338210079108616,0.2665602574477527,0.2803683986471651,0.447995697968345,0.4436339587547931,0.4528140899595565,0.7608491277163187,0.7539013743507257,0.7677423941897458,0.8501457191226423,0.8485195591031336,0.8517319059236649,0.13264518205586484,0.1267256776729031,0.13838380117615354,0.5869060502541974,0.5814095968797992,0.5924021580583744,0.2244365050880805,0.21791357272955428,0.23069174045338323,0.8323608149421782,0.8289469747097786,0.8354804940403223,0.44128262226773496,0.43142939055503915,0.45029107910579447,0.4299132853955941,0.42040966194661694,0.43925319385405515,0.28581677409683687,0.2767880659304273,0.29492399117295903,0.40924656461567654,0.4033582585314394,0.4156110579191882,0.4372824869789903,0.4327047159208536,0.44184008078539433,0.16468047376415296,0.1593265964585979,0.1696491856933182,0.6670950266878155,0.6613305339273091,0.6728169142138183,0.7875990660200913,0.7804422819993887,0.7947112248222885,0.3660215290102067,0.36010843752666627,0.37183839080522785,0.5313659960721446,0.523586586602533,0.538892117835864,0.634783976088502,0.6309230188061183,0.6381897429751527,0.591842711225846,0.5860511093060325,0.5977721942406458,0.25406875367688986,0.24752929002760668,0.25960212873380545
5,13.255794210526316,0.2714510868216116,0.26372256163465574,0.28023262069275445,0.44799147887627944,0.44234349643846,0.4530836371309777,0.7412539148761661,0.7331797880571195,0.7493874158826171,0.8465162913163269,0.8447499441510531,0.8483631036518958,0.13332495425455845,0.1274951229624433,0.13965377167164872,0.5947460269012412,0.5886320596475803,0.6002686343343286,0.21080155569557604,0.20359121546642187,0.2179966636751758,0.8477541662517163,0.8445083528141603,0.8513503772688753,0.43510822357858586,0.42516790501006363,0.445448658289457,0.4188909967562526,0.40782358533076113,0.4295081048714796,0.25575275681687243,0.24643008318272086,0.2655308047308085,0.39378306179840866,0.3872041241223216,0.40035720473050335,0.436081062375633,0.43057617027831757,0.4409683280799463,0.16480835688714723,0.1594010052077914,0.17114241521249007,0.6649144947722478,0.6584840384010953,0.6713160889273987,0.7701170465826112,0.7611636762708288,0.7781286180170299,0.3652173131038986,0.3585566041799972,0.3723612460099953,0.5060840439633933,0.49812021506503973,0.5149063939996401,0.6404223086474166,0.6363367301873394,0.6442408561177643,0.5929220678906291,0.5862349266541951,0.5992227599997197,0.24528830197609874,0.2387508666542191,0.2512505568127518
6,13.30695305263158,0.2698674804321772,0.2605087857406997,0.27948980712647187,0.4482122694173446,0.4421928415352584,0.45405689066727284,0.7213853451269585,0.7111556231302295,0.7307645760122458,0.8429493211514667,0.8408584454730207,0.8449628785236059,0.12885191708282778,0.12190609101552828,0.13604087379510926,0.6046643573930468,0.5980285338407874,0.6112032138265852,0.19925624855608895,0.19151105122688677,0.20706151141226567,0.8612940323052929,0.857811821696353,0.8648867781589265,0.428539368909595,0.4167427499318406,0.4401318874862294,0.40677566315172764,0.39609367471939927,0.41895610764612606,0.22761837891573983,0.21858021764411034,0.23802456235653763,0.37898557540298194,0.37108976163222485,0.3865555163583912,0.43554306584748104,0.42964493648940694,0.4414539802394526,0.16532505294824795,0.1591539377305266,0.17114013338186312,0.6626315337209467,0.6551994825344084,0.6697498465693266,0.7535425725066893,0.7436238891116757,0.7632575409240314,0.3611616331862656,0.3532556790016401,0.36851891254697966,0.48248134109239404,0.47250212112305784,0.4916494235124241,0.6420596327923662,0.6375971725351318,0.6468838878014347,0.5942663663159573,0.5871914344647691,0.6024884806405653,0.23480783824308965,0.2280286877383567,0.24210771971484052
7,13.358111894736842,0.2668418089289565,0.2568766191480095,0.2772816035301078,0.4476215765495307,0.44051391781344995,0.4544084478709864,0.702439081867584,0.6913546721869451,0.7136110879782319,0.8390743494076407,0.8367417849933415,0.8412584928067084,0.11849081601240052,0.11031451887251356,0.12625603862394696,0.6162179184054736,0.6083903836120704,0.623236511678243,0.1894445115662699,0.18113535799902447,0.19799153879532638,0.8733071686045082,0.8693094348966341,0.877387980920354,0.4226973321652051,0.410514865682973,0.43674625667322786,0.39545374551624984,0.38189422070610274,0.407158576758049,0.20259568655352983,0.1905294533401879,0.21407274700804615,0.3662349342421836,0.357920941816324,0.37536670837973385,0.4371492491750588,0.4308066354644814,0.44347695321412195,0.16513886155542284,0.15825048165640745,0.1727537583317355,0.6599256256537029,0.6515965663645833,0.667716977778385,0.7368797051591877,0.7258020532428408,0.7474482303694132,0.35096409530455597,0.3421606257724198,0.3607576342263414,0.4611711989221862,0.4495117150680861,0.47117063524084435,0.6393800634729887,0.6336748934074217,0.6446982948739073,0.5991405751598439,0.5911341075848925,0.6062779665728113,0.22216114603045695,0.2142720069021654,0.23003312123203093
8,13.409270736842105,0.2615392698184096,0.24916730754676353,0.2737547338933903,0.44816205155326205,0.43962914067537623,0.4566621881127726,0.685604308361849,0.6710447689999792,0.6978064747693838,0.8346866292963522,0.8320102746760598,0.8370650154027466,0.0996145992731694,0.08953897631341405,0.1097547114140176,0.6289999980859218,0.6211076974578336,0.6364240676331434,0.18266870198758023,0.172557684228334,0.19176744692434824,0.882408098919585,0.8781928247373747,0.8868952314325905,0.4170876003174769,0.40191500274197856,0.43095780090257774,0.38309353848407723,0.36978431408309087,0.39790971765782857,0.17712022354119472,0.16456990639398542,0.19054201328025236,0.3562934428319895,0.34576840109547985,0.36553179420480875,0.44019553321866167,0.4325949010883559,0.44770945602819284,0.16404136638250502,0.15558767280196578,0.1729722241988407,0.6550886185503779,0.6455954533348184,0.6643459297597122,0.7203641886154694,0.7084969785296001,0.7344666638792156,0.3384684983670231,0.3284602572785122,0.34850276036128086,0.4407778545895501,0.4275908153322146,0.4543218709304515,0.6317533025399428,0.6253723645090369,0.6381279113401147,0.6037823158159941,0.594794463860742,0.6123951051433524,0.2046449146518034,0.19594987037737494,0.21328281237931396
9,13.460429578947368,0.2553630494031131,0.24124146013654574,0.26928883205371834,0.44819217138205536,0.43892711504213733,0.4573151696268377,0.6680867957771278,0.6524309712765719,0.6822689937107402,0.8290612278718286,0.8261246491077955,0.8318178472395313,0.07333353787947894,0.0614583767601435,0.08423017184031116,0.6442967118895115,0.6343957573173661,0.6528716081800965,0.17685971811319712,0.16639904913132098,0.18634416822040734,0.8898858692569767,0.8857885647461093,0.894465825610087,0.4104762242527259,0.39498195647335005,0.4264332821087379,0.37325919264066354,0.358530336851154,0.38814357687983997,0.15541325832501401,0.14177343820191535,0.17153649643736563,0.34725585518378366,0.3357638046814073,0.35798336843440604,0.44307993397273104,0.43491518778786475,0.4519979512142267,0.16050946849044131,0.15109626172722124,0.17001206317433912,0.6512490243568279,0.641019762983611,0.6616548991264457,0.7065378633820016,0.6913974748746373,0.720938840677334,0.32178462723853335,0.3102246569698954,0.33368410763700385,0.4249807656492339,0.4092206629235768,0.43916179342689504,0.6186664773847845,0.6113336054565631,0.6259892931539013,0.6092018297650166,0.5992656819312754,0.6190096189135855,0.18113583893959578,0.17106748105468392,0.19197289562199343
10,13.511588421052632,0.248051142768768,0.23389209915035863,0.26367028430634837,0.44856971546836377,0.4384217884853629,0.45943543388159347,0.6530749183444838,0.6365885892830255,0.6711670513526663,0.8220473701011456,0.8183440055015497,0.8259586249297072,0.0397585551672402,0.02598898772788741,0.05320479251794613,0.6591045352564441,0.6489023591015022,0.6695522380576243,0.17135347483974012,0.15848393816395548,0.18277639712359303,0.8959206966022735,0.8911365736351526,0.9007431445324502,0.4055932110689112,0.38845163792927834,0.42330843684066294,0.3639772686063043,0.3477517438310808,0.3794697180743638,0.13673299916179577,0.12051488015848057,0.15351271156495885,0.3404400675271544,0.3268912829875529,0.352231180196869,0.4478265823859286,0.4382552024547685,0.4581796639208381,0.15525427965653532,0.1438613589168942,0.16716985822304595,0.6463879323643231,0.6337277891704066,0.6577901384449,0.6944099775414441,0.6774491104904002,0.7110899458010473,0.30169759849839295,0.2886398011691408,0.31561211090847047,0.4095614684929091,0.3919002218230459,0.42652561758381813,0.6014445073159538,0.5917248136217957,0.610905586849166,0.6133363278811182,0.6020827139109867,0.6233792682723501,0.15210837091226098,0.13901324138184235,0.16301047278959604
11,13.562747263157895,0.24057471330414873,0.22281508633523273,0.25823216094695145,0.4501833873357256,0.4375994575965241,0.46252172461891594,0.6380666394679787,0.6205085357961646,0.6572676407165935,0.8143664500255967,0.8103210599152169,0.8186897801296074,-0.0009862599179459384,-0.016697925009787597,0.015689871784984367,0.673531365701217,0.6613395022922649,0.6844734951736418,0.166756005475432,0.152867592325111,0.18212773752875852,0.9004740922175133,0.8950238127054576,0.9059662137734522,0.3993340379755464,0.3795527602065317,0.4196603421870091,0.3529598918534832,0.3355995522418731,0.3706538605956914,0.12054605639447152,0.09999247958939182,0.13983058132053558,0.33341509758884713,0.3183576946702493,0.3487244343699299,0.452079827767476,0.4406173398540104,0.463630192813971,0.14732572177264316,0.13392551555053422,0.1601141051281256,0.6438197473801885,0.6284054236949327,0.6571037576210451,0.6821596132722512,0.6622864329638442,0.7001818665084225,0.2784464662961329,0.2639502698968233,0.2946943350555676,0.3975183878494891,0.37635562057545685,0.4191520143587789,0.5801104352492864,0.5686427626029342,0.5907127977723079,0.6156788857725646,0.6024987244950407,0.627043032341326,0.11637907624261071,0.10110475356806241,0.13145582917586487
12,13.613906105263158,0.23357597990819856,0.2122644292206711,0.2525565326047665,0.4522264030785914,0.4369195774441291,0.4661292224990672,0.6235246249754844,0.6026154638159754,0.6457297156574053,0.8059394963038363,0.8008456619003961,0.8112248324573295,-0.04333024384531341,-0.06414370628741985,-0.025611407867257754,0.6853396160688823,0.670750039599997,0.6996367018910381,0.1628433518822222,0.14763625997347224,0.17926632957252348,0.905101121696416,0.8985891157065111,0.9110352932525729,0.393646335830012,0.3712719430331805,0.41869060641753947,0.3412875558360636,0.32285961611006736,0.3615033979993039,0.10567945459501096,0.08502477883618734,0.1272397670801333,0.3275253726769408,0.31036228651354003,0.3454478574919569,0.4558849548197673,0.44256810058083945,0.4681599726532954,0.13441946507573121,0.12020827258091082,0.15020894765997447,0.640141796670229,0.6233806854358036,0.655472613963718,0.6693103290608414,0.6473412253093915,0.6919504544236611,0.2549029583379602,0.23705597918962493,0.27159751867998316,0.3879991754025589,0.3604549566443576,0.4110163231888202,0.558059307022107,0.5434526349848227,0.571892702724486,0.6153112505555156,0.60198684906399,0.6294413942601382,0.0766379958192975,0.058019702203855994,0.09309059573306006
13,13.665064947368421,0.22142004315691913,0.1987234477617202,0.24463684854086262,0.45287042381392106,0.4352603542047381,0.4686938701556695,0.610587318096242,0.5846657404853723,0.6355132192193399,0.7961855005654306,0.7899201362151566,0.8024199020057659,-0.08700115446860852,-0.10837456330734924,-0.06561520104924574,0.6992277645981142,0.6826195240001092,0.7157017454246812,0.15817985292921494,0.14050484296949486,0.17818829549809284,0.9080692257347693,0.9005086894756181,0.9143829782496594,0.3890410070659296,0.3624907648504277,0.41734432821593004,0.3303972251501155,0.30495808726164314,0.3536302997571986,0.09409790256171598,0.06540478631193092,0.11937867950635724,0.3233919657444113,0.3020119793820643,0.34418615599932556,0.4573430148142682,0.4430679731045229,0.47133957040343405,0.12142643406845029,0.10535568412736658,0.13721951019413653,0.6390580506528882,0.6197519373538795,0.6575736011148713,0.6592768138078792,0.6342121937214469,0.6826230456290898,0.23051434741924998,0.21034114490901482,0.24993923196212886,0.3761316749746507,0.343914092841507,0.40641052608727085,0.5349504195074448,0.5157736807824965,0.5513883849631525,0.6144926765165544,0.5975778538794662,0.6292656684909699,0.03554077305603066,0.015828701926569624,0.055739850514534874
14,13.716223789473684,0.2104528261421868,0.18356250277671493,0.23744690735753926,0.45581977695542525,0.4356014773202189,0.4755505684348263,0.5962531603707484,0.565003308431072,0.6256097516690529,0.7867224423722796,0.7792455118125476,0.7933560861058502,-0.13115609801503092,-0.15260349451525682,-0.10522721350998092,0.7096331638852957,0.6895962336947783,0.7289064649996801,0.1527121228468012,0.13058860423321145,0.1743725070341096,0.911967162004481,0.9021737554939312,0.920119498017946,0.37883040203377166,0.3487504750938055,0.4095657570483694,0.31646277645122445,0.28963366113805356,0.3485558672005594,0.08390497606879363,0.05279706538597731,0.11176022842966314,0.31585015029639885,0.2920987673552688,0.34197766282632436,0.4592227523367584,0.44254655028716117,0.47538852466995934,0.10545180127164125,0.08617468117891866,0.12386922373223072,0.6395259743964405,0.6170117690988555,0.6608025190851756,0.6452456024786177,0.6139453180237832,0.676352578436488,0.2059672515031733,0.18423651896901397,0.2299529192513816,0.3664956848240565,0.3320773768757468,0.39905902551340694,0.5122826619608684,0.49205191352881833,0.5326066963584117,0.6095543853141474,0.5907647730095087,0.6278302640034614,-0.007676425000673578,-0.03109138625816255,0.015546471256574886
15,13.767382631578947,0.20085055485881506,0.17390149115249687,0.22824480058504623,0.4588327039182134,0.43461590515176735,0.4808905399186106,0.5800164282617823,0.5427418575594424,0.6156532877412759,0.7764226566804284,0.7681073881939682,0.7851779782111092,-0.16837697472720292,-0.1946867259799615,-0.14093111666735708,0.7185401984140816,0.692741927362793,0.7381284809736276,0.1465796321418237,0.12184964115070959,0.17143798818164452,0.9145044847573375,0.9035670636711914,0.9249486692452004,0.3683466367222904,0.337963876605502,0.40847965427955063,0.3051100594942135,0.2718903506803334,0.3392466105750405,0.07551199769336273,0.042393179880261304,0.1046190474177909,0.3109293928304977,0.28000408911194485,0.3377113624718607,0.4588375290665683,0.4388234930695403,0.4780104656560159,0.08504947908596777,0.06331786602869113,0.10675982712188208,0.6414182637167247,0.6174692394079655,0.6668803880988504,0.6300126308337015,0.590375798158818,0.6694696038932385,0.1822104280887208,0.1558097427660533,0.2080204543217347,0.356375604842712,0.3175532768038945,0.40027160857395444,0.49203269243452824,0.46605977991240305,0.518050165852909,0.6027171897249923,0.5771480794138539,0.6234894369132579,-0.05138471677993406,-0.07789084136302973,-0.024430026871100553
16,13.81854147368421,0.18891584438285294,0.16004422586341327,0.22332769976053254,0.46069432937330235,0.43129745999492675,0.4888911098393304,0.5593046192222068,0.5158494903300911,0.6046163808565133,0.7663864067036719,0.7560051417215805,0.7770284272060616,-0.2022809451536107,-0.23245553867314647,-0.17064585913560085,0.7241478267804093,0.69664748449458,0.7477521248718405,0.13910219086643816,0.11377736347352571,0.1682046963263788,0.9196888340825009,0.9049998920265084,0.9316191594043981,0.3550351127245381,0.312344524989363,0.39934900189387196,0.2914653407727176,0.24944840621139794,0.3326900886200293,0.06693440525718042,0.0312155189514432,0.10174060250678757,0.29901550006602695,0.26957807642984405,0.328680114920191,0.4550169233447753,0.433374827875515,0.47636542822318345,0.0632379944330315,0.035329832696539644,0.08760514257082715,0.6485056218257299,0.6233589895789835,0.67428544393328,0.6049660798322583,0.5603356253661811,0.6559458622616184,0.16185027565484955,0.13257270311737476,0.1929644508339265,0.350350351396318,0.3059930696867365,0.39380168265068005,0.47362469558999803,0.44131745224553315,0.5025270062870907,0.5920465810814719,0.5672929103587798,0.6169612892303186,-0.08914748691788547,-0.11679297795916155,-0.060205272627764185
17,13.869700315789474,0.17179719166050667,0.13940356047012936,0.20956808612479885,0.4648668805313777,0.43445301884357124,0.49446384523536113,0.5400194692643284,0.48747364166171364,0.5920476973680379,0.7581214539880229,0.7437154957003621,0.7704439601287709,-0.23457002523830567,-0.2687559404065107,-0.19988502989150417,0.7288341628887385,0.6999120542535826,0.7564561971414379,0.12913504741979218,0.10192127521393039,0.1579542171887093,0.9227961299492247,0.9036040479113172,0.9384328656223766,0.34054864487842523,0.2941726109968444,0.395476616062725,0.27218594331634416,0.2215174341711479,0.3262946542128695,0.06581561015253637,0.02566146712664423,0.10080630921774347,0.2925518928684504,0.255677329751447,0.3304849960567533,0.4535245093366895,0.4273267362787946,0.4766570558950354,0.03866518315624902,0.011132902417003153,0.06758214382105505,0.6571708575979078,0.6282228426945276,0.6856710682345359,0.586459920409648,0.5307528373883975,0.6488400317885284,0.1411375212531633,0.10911092278019717,0.17628028567984527,0.337937470818468,0.2932760068064539,0.3877971329525744,0.45702224729953056,0.42175887064052275,0.49285682858655794,0.5791047713153419,0.5487894985561784,0.6092241183174586,-0.12621910406331832,-0.16198031738936836,-0.09195283460914305
18,13.920859157894737,0.1610903811224404,0.12620898635192979,0.19553986189547987,0.4700385361445901,0.4346972292823012,0.500429183398016,0.5190948310533067,0.4622058135754509,0.5815609577681482,0.7500799124538691,0.7329212424952736,0.7657577937304353,-0.25908588851121545,-0.2959377362342286,-0.22128561446193512,0.7255668460538515,0.6911115422933866,0.7565604823609022,0.12160092473081796,0.09232065719505352,0.1542107482811194,0.9280376248533247,0.9053724846094487,0.9440551012548021,0.32635097653590117,0.2764094899340568,0.3862269437544921,0.25862127069494545,0.20619589332258742,0.3223165410652604,0.0692510239554259,0.024690196797793964,0.10725028172790546,0.28039083358650607,0.2404795959209761,0.32813504359808343,0.44446763660739375,0.41568901299544064,0.47373973170584033,0.01623740680411237,-0.018530268822585873,0.04788257853155503,0.6672918090488081,0.6361958257612038,0.6984501792533011,0.5686658808623338,0.5022418506511171,0.6408417894899918,0.1244434372080852,0.08527959708962837,0.16788556597801704,0.33232048797420466,0.28701193765097405,0.37892777439408537,0.44759134724921035,0.40704110628515455,0.4868930175930999,0.5652608775163779,0.5314683052350547,0.5965091002187392,-0.15936516118281946,-0.19841195694127953,-0.12020918096538241
19,13.972018,0.1524022065060961,0.11585369718098468,0.1943614957208917,0.4717746309984324,0.43202658591125764,0.5079889792669314,0.4919762496211973,0.4351096482286616,0.5680239168205795,0.7436781918097146,0.7223822974979942,0.7620018340747038,-0.27788119846117376,-0.3173835188636052,-0.2346018029016917,0.7156135935173054,0.678324483890662,0.7522889210841164,0.11437573919886988,0.08229271192878407,0.14611028523159195,0.9326932632095338,0.9063119331547173,0.9497117168111073,0.3090307356429457,0.25280528654875956,0.37774903593146536,0.24825595577321422,0.18224405721852732,0.33001360531319357,0.06886649716233781,0.02164035673870341,0.1165911186985136,0.27218775101755144,0.2253251054233579,0.32537390736477134,0.4323485582176032,0.3975526017388767,0.46454439901756744,-0.009957744378255815,-0.047795808067521546,0.027581857727499954,0.6830372641705001,0.6479786681376041,0.7161959426027048,0.5432239123222975,0.46554517193806183,0.6300273768582164,0.11091174035661562,0.0671130447880979,0.15915401165682697,0.32438229545312247,0.2793363234815035,0.3816602025362666,0.4386593052494848,0.38948245082386274,0.48229008046339833,0.5466426280206547,0.5045261977081357,0.5886214156254939,-0.17986873558926897,-0.2216365180794867,-0.1389931012960801
